,Naive,Default,MD5,SHA256,Jenkins,Red Black Tree
10,2.5372102858065253e-05,1.3640604285163656e-05,2.946402000036739e-05,3.441793428464735e-05,5.889294285745044e-05,3.675858143001928e-05
100,0.00019798937571262546,0.00011153630428582672,0.0002564091557152486,0.0002719396299991266,0.0006030741557151487,0.0005261331142849355
250,0.0005412329757148524,0.000289667408569585,0.0006434434857133705,0.0006978882328582715,0.001574582647140882,0.0016917228142873293
500,0.0012415937285699587,0.0006112220814273834,0.0013354419842900305,0.0014150596671437857,0.0033173785742889907,0.00358477841428664
1000,0.003370621561428899,0.0013507997185713196,0.0027905738971432063,0.0029416865628575446,0.007812902889995062,0.007567700894287555
2500,0.009759086317143817,0.004053724335713663,0.008320136418569745,0.008152170608570616,0.019219263407142403,0.021979439200003982
5000,0.03124218076999893,0.010410927485714377,0.01758002641999935,0.018415120119998393,0.04093037245999897,0.04914555390428567
10000,0.114958845594285,0.028455311309999162,0.043819504381429265,0.04498212953714236,0.09392368422142941,0.10691903091571606
50000,2.025009737877143,0.5572064657685717,0.6357096189714294,0.6436981993057154,1.0262198023999995,0.6323900131071449
