,Naive,Default,MD5,SHA256,Jenkins,Red Black Tree
10,2.902956571363445e-05,1.818632142853208e-05,3.431632428406114e-05,3.4147632855560264e-05,7.334567714808925e-05,2.073457714297027e-05
100,0.0002230418114303185,0.00012051324999967099,0.00022854626714433835,0.0002480270157151868,0.0005973818457122044,0.000310758167140323
250,0.000426889707142826,0.00024719240142855725,0.0005663943828585616,0.0006057043771423716,0.0015037376042917978,0.0009436891242824329
500,0.0008871347928574583,0.0005163543228562568,0.0011423429542862453,0.0012113976042850741,0.003026542185717907,0.0020549312099995276
1000,0.0017899761671430626,0.0009886365900001691,0.0022989550157152343,0.0024732199600007985,0.006730415465712473,0.0040628962257168106
2500,0.005279134470001086,0.0023738550514268097,0.005757916145716341,0.006133570649999456,0.016556755817143443,0.011584055218570158
5000,0.010399017692856692,0.004701746328571192,0.011951897791428304,0.012225678085713818,0.034620599802858906,0.025189191014282446
10000,0.020998268137143117,0.00951523932571555,0.023804978427141188,0.024716990979999798,0.06664169704000285,0.05432595354571406
50000,0.12364948845857206,0.04904202426142937,0.1179378325214293,0.124849880141428,0.3594104425142853,0.3282585302499995
